Id,Prediction
0,0.9977979235802769
1,0.9998650543489848
2,0.9997397945607958
3,7.10284877547782e-06
4,0.17425561528173
5,0.9999094114993086
6,4.089705210393913e-05
7,0.00026819415477223135
8,0.9987527997987344
9,0.9980463210632132
10,0.9953935677740318
11,0.890330534145431
12,9.030479937642601e-06
13,0.00012948331826315604
14,0.004264150226505955
15,0.9491969033963257
16,0.9947145644428711
17,0.007588820885259814
18,3.79803375565365e-05
19,0.8244709149697714
20,0.00032710793369675504
21,0.005563991205569446
22,0.003996863039591186
23,0.9999469640751546
24,1.2084176927316315e-05
25,0.0041054908583015685
26,0.9907885921116567
27,0.3130871208325585
28,0.8507185414513362
29,0.9999152638907406
30,0.9942379924631096
31,0.999978192433646
32,7.149720567762761e-05
33,0.9042889566923348
34,0.9994301100564819
35,0.0002449779694729415
36,0.9997817181529055
37,0.9999772077670878
38,0.9975028457281361
39,0.4615327454653
40,0.9996985884806981
41,0.04321374911781469
42,6.0931961306273445e-05
43,6.777666595243082e-06
44,0.002834653730643337
45,0.0023716496755511805
46,0.7804118479676284
47,0.7524723039385207
48,0.9997725640000237
49,0.9999762093450676
50,0.9928137483672231
51,0.9999893736760325
52,0.9954126286869115
53,3.314412331928705e-05
54,0.9999742201832678
55,0.004312050848911187
56,0.9996337866819679
57,0.9910929284302192
58,0.9094744003460483
59,0.9991597372355125
60,3.5764906193174044e-06
61,0.000567871862123789
62,0.9910752755544375
63,4.502201143054746e-06
64,0.9966695158747578
65,0.9996851014100494
66,0.0012818978254436262
67,0.6776778082476902
68,0.9980951888926952
69,2.9935983599569823e-07
70,1.0949501109868888e-05
71,0.9998332092435479
72,0.9997744354550961
73,0.9999992749964535
74,0.9993185115580928
75,0.9998599034646093
76,0.000689570488926673
77,1.4638657556230295e-05
78,0.9999043350892326
79,0.9942231398422876
80,0.998228956178063
81,0.0001332158862215774
82,0.01003911985832846
83,0.9975138737733511
84,0.9970028692448838
85,0.01225395536758543
86,0.9998003750294242
87,9.373481593326519e-05
88,0.9999711238662508
89,0.999475866571713
90,0.999058624347112
91,0.003037652457976647
92,0.00016464765773530746
93,0.9999470845883633
94,0.9965620713046863
95,0.9028412505751793
96,6.449874140208426e-06
97,0.9982743651451492
98,4.6681677728128394e-05
99,0.9999331063616973
100,0.008788117109060174
101,0.999647053384026
102,0.9810180505324911
103,0.0020479534882393902
104,0.9962200454044478
105,9.445182601233062e-05
106,0.00429817751461789
107,0.9999653229104879
108,9.629896276193877e-05
109,0.9999986669488368
110,0.9997330873390419
111,4.2187654103400175e-05
112,0.9997181880935075
113,0.007142397952658332
114,0.25643210127868254
115,1.8079012896245338e-05
116,0.024563111814996316
117,0.9963705789839554
118,0.854986901207835
119,0.9975635037367445
120,0.06545218964523805
121,0.9999971607445931
122,8.350311267190091e-06
123,0.9932165946841829
124,0.9999909079156353
125,0.9544230869210734
126,0.0033587369749399324
127,8.024624934849632e-05
128,0.9989025482198605
129,0.9999791208726883
130,0.9999933381188388
131,0.00018699188610250126
132,0.01113549886620389
133,0.9902053705464426
134,3.4204207294889404e-05
135,0.0028086864828505836
136,0.991441914199332
137,0.0004335305787106696
138,0.999500040559709
139,0.9943723243020808
140,0.9443332827688963
141,0.9997199427525125
142,0.9998905919105019
143,0.005276538916107354
144,0.7697106461208613
145,0.0004382185337490482
146,0.9970322060551225
147,0.9980929203488721
148,0.07092377992045713
149,0.006177569955460329
150,0.9999788650372748
151,0.00561052921971673
152,0.9977372016148185
153,0.9990862544281889
154,0.9973462878408356
155,0.0002122299403527965
156,0.0006451979427280134
157,0.999961889144315
158,0.9979838005831411
159,0.001224622522376036
160,0.00027163133657922807
161,0.999883207836605
162,0.9996748158927411
163,0.7507784440033384
164,0.9933883951148105
165,0.9978044953807452
166,0.003297199789583649
167,0.9999972218762108
168,0.0008370845109026106
169,0.9982640353581322
170,0.9958448143069744
171,8.550644264467762e-05
172,0.0007548487353989445
173,0.9980360539206949
174,0.9979071605335689
175,0.9994914965978322
176,0.9941615814279547
177,0.998278980793691
178,0.030493029337561157
179,2.7151065594309693e-07
180,0.9998211126505581
181,0.999512397698547
182,0.013085368744279931
183,0.0007742157151970407
184,0.0007663081469128297
185,0.9990832157269142
186,0.021626157238652716
187,0.9998759796837311
188,6.050785475658714e-06
189,0.9999914195926745
190,0.7898406527634717
191,0.23166990918494576
192,0.988321422240554
193,0.9984389705907395
194,0.0006875784035506583
195,0.0005587143385597618
196,0.0021245360728425235
197,0.9963694212627257
198,0.9997828780663934
199,0.0030071936524773556
200,7.020387021353942e-05
201,0.023547930530084884
202,0.9990932846381373
203,0.019510607060835614
204,0.9965623612576789
205,0.17404786171464756
206,0.004740055156345439
207,0.9989805491791779
208,0.00020271779815517622
209,0.9995082198401957
210,0.0001083207142808431
211,0.0001516100259190951
212,0.9996129809229796
213,0.9991325938866438
214,0.03581309540481115
215,0.9959834188058903
216,0.9974676174817956
217,0.8532300680945769
218,0.9919517656404192
219,0.9649012082250237
220,0.34273686278633464
221,0.0007240173254830616
222,1.505845254533334e-06
223,0.9977659566667088
224,0.02862870777651922
225,0.9992279455197297
226,0.9991667455386171
227,9.577918154378175e-05
228,0.9669795991287664
229,0.000965312644888498
230,0.675817921215486
231,0.8276011220999951
232,0.0016013267656374338
233,0.997869914915713
234,6.127362316330005e-07
235,0.0005998048252131597
236,7.052653530092579e-07
237,1.8815251614977726e-05
238,0.010004105375323535
239,0.0018542492557477625
240,0.999988314565535
241,0.9367728040174131
242,9.622986189816097e-05
243,0.9999655852720276
244,0.9989312626708243
245,0.9852806484233693
246,0.8845806432945181
247,9.292366893251373e-05
248,0.9984705440486994
249,0.9995782700080162
250,6.194488609759425e-06
251,0.22028790610747329
252,0.9964758290131615
253,0.9950457714676536
254,0.0016534621599990562
255,0.0010151409637121284
256,0.00406984009420246
257,0.0002624159724902784
258,0.9997100247586524
259,0.9970234208962422
260,0.9990841396322696
261,1.1982825455027629e-05
262,0.9982030939242628
263,0.9954637229506647
264,6.22989134475963e-07
265,0.0001663068358674161
266,0.008252832091472075
267,0.9999189509585741
268,0.0026707564594318084
269,0.00022427038453121502
270,2.1519837903080686e-06
271,0.1190522481682256
272,0.9999338251489706
273,0.9895722430723186
274,0.9999552218936921
275,0.9994964636414009
276,0.02226994250483113
277,7.4548315813699495e-06
278,0.9998913535094984
279,0.995998208701695
280,0.037043332064680246
281,0.9995140579775087
282,0.9742022714384733
283,0.9997690200517328
284,0.9998879631485034
285,0.9986512504260175
286,0.997696502151732
287,0.9778860697825649
288,0.9991941722647698
289,0.0034653749478229384
290,0.999539826762827
291,0.00017661201847178019
292,0.0005191608123390449
293,0.00020275372812718627
294,0.9995377348745156
295,1.060115712833969e-05
296,0.9996129620155241
297,0.05515990099156214
298,0.9969333055002322
299,2.8487028672600454e-05
300,3.4297138450664575e-06
301,0.9991157105790527
302,0.0012515987144063338
303,0.9973077025508655
304,0.9996234529594313
305,0.0023043231445227775
306,0.9995033086377014
307,0.00021298289792523234
308,2.8995043791970104e-05
309,0.9692684831355891
310,0.9997220634004762
311,0.9999702944403551
312,0.7072544196703142
313,0.00027366525220171045
314,3.7615767816896995e-05
315,0.9994919821761179
316,0.9999979204626882
317,4.0843401922036305e-09
318,0.9732836115199491
319,0.999939443491851
320,0.998916402452871
321,0.9998609641629173
322,2.1922130887206616e-05
323,0.004407217619865995
324,0.998172673465182
325,0.998330750363769
326,0.11449506408002828
327,0.9998189969619863
328,0.05551576918561015
329,0.9999903995337014
330,0.9921405587095328
331,0.6894056504293169
332,0.9999732217453903
333,0.9948823208995703
334,0.005966482213802911
335,0.0003567222439947047
336,0.004431222944358821
337,0.9998430562116866
338,0.057203638132610424
339,0.00019897759632413667
340,0.0006675700484257457
341,0.0016824976549388285
342,0.9974079887535223
343,0.9981779882567768
344,0.026154835969826262
345,0.9978039917655542
346,8.091032644586324e-05
347,0.9997874635862124
348,0.9816584868319383
349,0.9998736607118232
350,0.9962306176941159
351,0.9994143227661023
352,0.01731993637840802
353,0.9999833458448422
354,0.9995478842077405
355,0.0006068169872466255
356,0.9996954975392174
357,0.0001118709889237537
358,6.828039085197363e-05
359,2.9308920023572816e-06
360,0.011933396683497825
361,0.0009462270398054677
362,0.9982942569310114
363,0.0007633613130664846
364,0.9990187279279665
365,0.9979122958746837
366,0.991331761364934
367,0.9545281446959091
368,0.9972654565420179
369,0.0007474337958281663
370,0.0016366280683322019
371,2.395751801049795e-07
372,0.9997264885502659
373,0.00968326794140952
374,0.9971512736031705
375,0.9514656240572726
376,0.00043259202849926017
377,0.9931588155035115
378,0.0027866342331961742
379,0.9967509151542318
380,0.9986982240201412
381,0.00037937010303964937
382,0.020233206349461543
383,0.8648650476078974
384,0.991369293453432
385,0.9893526201398205
386,0.0001511035065443352
387,0.0002830499988635795
388,2.9981149727823225e-05
389,0.46350234696574305
390,0.9458876413060491
391,0.9993993723840522
392,0.16796975958566734
393,0.05236350311833225
394,0.007745681297939364
395,0.9934798007281977
396,0.0030755550678788495
397,6.445039799469277e-05
398,0.9958613600591587
399,0.030112092512948774
400,0.9996013138464881
401,0.9999258703156049
402,0.9933594367227195
403,0.023445821950209823
404,0.0003818093404054719
405,0.0009408634043737273
406,1.7432268313806142e-05
407,0.02612502125790498
408,0.004668914875785408
409,0.9998515774384575
410,0.9999494005537658
411,0.9940877022239736
412,0.006383900752929319
413,0.9936243597111118
414,0.0015451917883353942
415,0.0003720373096508886
416,8.518857303829555e-05
417,2.0637235082740095e-05
418,0.0035725590727281984
419,0.8403900829787134
420,0.9999984504449105
421,0.00015155058369497473
422,0.9785476179361697
423,0.03992036679602161
424,0.998823361463597
425,6.855304651252992e-07
426,0.9966989429741248
427,0.0013692919924920464
428,8.752130309947002e-05
429,0.6264644513707175
430,0.9936221184312274
431,4.485226829984196e-07
432,0.0005211490056212589
433,0.9993442222521478
434,0.0011991581272956294
435,5.5392600445064986e-06
436,0.999587573181763
437,0.9999750097407667
438,1.2380256315028097e-07
439,0.988808020178845
440,0.9997325811955857
441,0.994794241999742
442,3.241596113167026e-05
443,0.0005703556453469078
444,0.9995742016890629
445,0.0025309906827751297
446,0.9999408108483996
447,0.9999976051624745
448,0.9998957540520428
449,0.0038278651897621055
450,0.024614802802025406
451,0.9951324287280917
452,5.639473842954769e-06
453,0.00033775517920757296
454,0.0011234911342903092
455,0.20783234406717035
456,0.0007283315415118999
457,2.7474296613528683e-07
458,3.483400343576565e-06
459,0.0005865614151976458
460,0.9980084286263803
461,0.01286929585832125
462,0.0018408856175152935
463,0.988708397364201
464,0.9955491283457145
465,5.429228317892195e-05
466,0.7273802079717435
467,5.545343045191752e-08
468,0.6788266045908125
469,0.0011166553781793364
470,0.012352899797034508
471,0.993190568290561
472,0.00014794725055437198
473,5.026905858994171e-05
474,0.9861168526927209
475,7.031340669631667e-06
476,1.2736209616317838e-05
477,0.03044284213050948
478,0.003795581609872456
479,6.874884239837485e-07
480,0.9998639850366994
481,0.9973334710748016
482,0.0021815164331332472
483,0.9961541953885684
484,0.9993428334442561
485,0.0005617255279505159
486,0.9951220331081391
487,0.5307743946867034
488,0.9964661433870878
489,0.0008390311267366774
490,0.0001335446911411403
491,0.036531933608607084
492,0.028210136296934547
493,0.001310111572524209
494,0.9995502068807288
495,0.9999773955437785
496,0.9977226369631702
497,0.0003704281630165577
498,0.0004933159468574181
499,0.2275025563051282
500,0.0009126114109212394
501,0.005319218574162324
502,0.9999584279067892
503,0.001316971245898606
504,0.997033309802249
505,0.9999931268168577
506,0.003321710680079613
507,7.291174842756262e-05
508,0.09844589869517976
509,0.0001898120407544459
510,0.9669746458369801
511,0.9839827461871707
512,0.0015692654201181048
513,0.9985279135852139
514,0.9998623515610048
515,0.9995519711146643
516,0.9818253728140522
517,0.9999945024834128
518,0.9999952232031465
519,0.9866641592760995
520,0.0003355396717974855
521,0.9995528842984859
522,0.600247530088509
523,0.00012707285628057785
524,0.011938175005971817
525,2.0406983600535386e-06
526,0.980808438238107
527,3.912114769504588e-05
528,7.745237894374519e-09
529,0.0004066092353006106
530,0.9975800546206255
531,0.9860341225496357
532,0.9999887518733429
533,0.9812965628421639
534,0.0012877723492243237
535,0.00033128542531643963
536,0.9996871291917945
537,0.9963124056150938
538,0.9977326481830577
539,0.991804830933676
540,0.9975832170276745
541,0.990249448531163
542,0.9976956236207153
543,0.9977853711322019
544,0.0005566740564439122
545,7.266027884083635e-05
546,0.985579757570262
547,0.9999320122143035
548,0.9908048215679678
549,0.0017815249906612447
550,0.9995436800647507
551,6.827239114007058e-05
552,0.9952804824039275
553,0.9975899601615429
554,0.9941391071406599
555,0.9998361009498731
556,0.9928824330613252
557,0.05164477233849106
558,0.9996261788884251
559,0.43376763334918317
560,0.9999984497516169
561,0.010870098872122883
562,0.0001267448586805224
563,0.9904172116142007
564,0.9993310986520633
565,0.999535093105301
566,2.3012461483993966e-05
567,0.9985257399709517
568,0.5837672263854664
569,0.9997110539616908
570,1.303267942696314e-06
571,0.999189600749283
572,0.9999821799207882
573,0.9986557954017347
574,0.9457662369233641
575,0.9959468340353623
576,0.997759836208871
577,0.0003833607999292635
578,0.9977653905770749
579,0.9494943522837351
580,7.801628682823627e-06
581,0.0002608527463855781
582,0.9983178449946477
583,0.9999427392662305
584,0.9999705777588177
585,0.9999569412609308
586,0.0007882257860889401
587,0.00016908224064801161
588,0.99918783458007
589,5.659772071923361e-06
590,0.999980020950869
591,0.9994490693994698
592,0.6791284004503145
593,0.9993474810209686
594,0.00039123182299845646
595,0.9970876556116283
596,0.995175699873596
597,0.998687662984312
598,0.00022014535901754772
599,0.0002787695115201922
600,0.009767398309071687
601,0.00124100518841711
602,0.0024892238510470666
603,0.9998945027655212
604,0.9993123612853634
605,0.9890066321604156
606,2.0999565867705222e-05
607,2.1270935362046912e-05
608,7.333700212458162e-06
609,2.581896697707934e-06
610,1.932441384520706e-05
611,1.3533015781418365e-06
612,9.947588312986048e-05
613,0.00018211503703558456
614,9.869515195438415e-05
615,0.9993025874791619
616,0.0013763245445876646
617,0.00025660084916234846
618,0.004533425072302226
619,0.9973601269444562
620,3.125133291487522e-05
621,0.8594133572182391
622,0.23485206927283286
623,0.005572117973457511
624,0.000974716970342638
625,0.9973930953280723
626,0.9999243093838904
627,0.9999990589649936
628,0.9999900790529328
629,0.00737668884360297
630,0.9963756799286958
631,0.02085738916653955
632,0.9718149048290082
633,0.9601969774955826
634,0.007992751907005723
635,0.9987706650153866
636,0.996329627399969
637,0.998399641014412
638,0.9975108300201336
639,9.963516865153096e-05
640,6.049634217141623e-06
641,0.9974613454192609
642,0.999933684736711
643,0.9999553521336279
644,0.09505487726734808
645,0.990961020285579
646,0.0006763639744617656
647,0.999518697238581
648,1.446408783425919e-05
649,0.9163363929108077
650,0.00011701665874006016
651,8.270243621954459e-06
652,0.9992699844838943
653,0.9993970093345985
654,5.189432874367182e-05
655,0.0001842290068783565
656,0.00017444778597629665
657,6.102344328070459e-06
658,0.9997422019635784
659,0.9975032776321704
660,0.9586951941716565
661,2.420051785878766e-06
662,0.9984279926615659
663,0.008949270452276432
664,0.013664282825196682
665,0.9985977202818771
666,0.03298682004255503
667,0.0002357206911244236
668,0.9992662344138759
669,0.9991525440529845
670,0.0001732335182145968
671,0.0001762996098664328
672,2.8219672175639458e-05
673,0.9958492886303866
674,6.339086875596874e-07
675,1.1156971169398312e-06
676,0.9904621591920677
677,3.069338540796308e-07
678,2.690434839140816e-07
679,0.021227550090218684
680,0.8342189301723835
681,0.999647117625346
682,0.0013257485753563505
683,0.9992499963466254
684,2.4428648674557517e-06
685,0.9996774279608696
686,0.999173865488482
687,0.9991121085742442
688,0.9972448458262257
689,0.00011058828882367082
690,0.9998703394499815
691,0.00946853852555865
692,0.99395773322238
693,0.013782291430986844
694,5.883553266646075e-07
695,0.9999937275868753
696,0.9982202308512739
697,0.0032498207458780356
698,0.9993882345920836
699,0.9662170461780777
700,0.9992885354590505
701,0.0006832172731238796
702,0.015306989070175442
703,0.4365054594066066
704,0.9892043018499578
705,0.0058718343870065165
706,0.9993117781848337
707,0.9957704389506348
708,0.9996412215374085
709,0.9847471730425591
710,0.9999814150950003
711,0.0029713322863058576
712,0.007854050526435646
713,0.9987227726057164
714,0.00044442331662034344
715,0.9986523037188272
716,0.9911254417007684
717,0.9985041450900918
718,0.019246374990052547
719,0.00039313711938769054
720,0.998730447227077
721,0.9997487259103283
722,0.003206213078442327
723,0.9998317360402129
724,2.1036845951781837e-05
725,0.00010386421999778512
726,0.0006996225548933895
727,0.9809695056364899
728,0.060310130746577
729,0.8529599467177784
730,3.3002072614628367e-06
731,0.9992188241965296
732,0.918141092000031
733,0.0002485063383096554
734,1.4162266450056106e-06
735,0.9998247443243407
736,0.00023753568617309548
737,0.00013526198740965135
738,9.424938681658302e-05
739,0.00011163274197428653
740,1.9963308795601154e-07
741,0.999954680224617
742,0.18610514574720982
743,0.9825351050106661
744,0.9997025502592939
745,2.924897108275218e-05
746,1.0734339760609405e-07
747,0.9997009562038991
748,0.9977427276702996
749,0.10763273941898412
750,0.0010555128266526842
751,2.762281775164074e-07
752,0.9996034245517262
753,0.9999685437468228
754,8.534371588198815e-07
755,0.9738313634459317
756,0.0015620461923228105
757,0.9995406458840437
758,0.9978004932067389
759,0.04338427767412336
760,0.9993419381508484
761,0.728998564716084
762,0.0009637670610416989
763,0.0005191022174491026
764,0.9993400029011419
765,0.0005718489503246294
766,0.00015897297420027168
767,1.8775268362031577e-05
768,0.9979878774028994
769,7.401726939210465e-05
770,0.0004372856451762607
771,2.4478433217415187e-05
772,0.020483981032237777
773,0.633220221361091
774,0.989426563852176
775,0.9999898646431493
776,0.9979238291779028
777,0.0006378149544818711
778,0.9988458156320771
779,0.9829144728100554
780,0.0735019418765927
781,0.9999769924014904
782,0.019136115099419416
783,0.988179017920231
784,0.9997944146407859
785,0.6740668904468636
786,1.571007151705888e-05
787,0.0006175059002532562
788,0.9996923899428073
789,0.00018395532709017162
790,0.9969346906264847
791,0.9962998129646016
792,0.3413394400539851
793,0.999917279434236
794,1.3694349957273981e-05
795,0.0041784327220647285
796,0.9999540815191574
797,0.0005584098933262415
798,7.104634657322014e-06
799,0.9734564205599797
800,0.9924930605415675
801,1.5768064172894116e-07
802,0.0006618935299600719
803,0.8085148595656129
804,0.9977477968304456
805,0.3599695057431914
806,0.015809739414140756
807,0.006015328289228124
808,0.9989685881135628
809,0.9998079351849403
810,0.9995030010946951
811,0.9996716869933233
812,6.444215530170538e-06
813,0.032354416787380304
814,0.018916679245860428
815,2.3636098747031082e-07
816,0.9962322316105082
817,0.9991925199022276
818,0.0007509235371296377
819,0.00832207128701794
820,0.9991853424240984
821,0.9991744538460113
822,0.2233948706215115
823,2.1155238482263124e-06
824,3.9933377344630835e-05
825,0.0029303671814576
826,0.9999302985676063
827,0.9986607473845174
828,0.9961051008529267
829,1.0128142477162892e-07
830,0.0062628169628896205
831,0.8716524406132029
832,0.30299630774871394
833,0.9533003034570711
834,0.9998136633557474
835,0.9989380146870578
836,0.9999757657686168
837,0.9914012335845488
838,3.4796395800867253e-06
839,0.004994298702730658
840,0.999801813271354
841,7.882293164874152e-06
842,5.44210941559529e-06
843,0.9999533442444495
844,0.9989507632380527
845,1.0723141669115562e-05
846,2.581186178414973e-05
847,0.9925633830283759
848,0.033315515054201904
849,4.876811492083222e-07
850,0.05490915143424222
851,0.031061620505393885
852,0.9987170197354902
853,0.7656780871747606
854,1.2769148764871492e-05
855,2.7921157616271633e-05
856,0.1573994666151904
857,0.00011617195244002059
858,0.018572155053685428
859,0.9818377470114668
860,0.9995526259549823
861,0.9616520841087263
862,0.000291641757937056
863,7.079918837340619e-05
864,0.002266480218518773
865,2.869656056340493e-05
866,0.0005437290672658164
867,0.9997287930663146
868,0.01619873374100103
869,0.9950856800192556
870,0.1426352602786071
871,0.9976000534286497
872,0.9998199309882305
873,0.9994662615527032
874,1.9546001365166815e-05
875,1.0781139773190721e-06
876,0.9999957459090484
877,0.9912485616409473
878,0.001427714054751466
879,0.9986345859621152
880,0.02283892952599255
881,4.812259475589978e-05
882,0.9999788025586609
883,0.999995566438941
884,0.991597872246902
885,0.6276397057537246
886,0.9999587800288506
887,0.0011491797324700316
888,0.9893155696727881
889,0.9961522575084204
890,0.9837373320738803
891,0.9988845220765945
892,1.0405516878989147e-05
893,0.9998816831583478
894,0.9822066877265674
895,0.998912508107357
896,0.032815212155618986
897,4.367741023265911e-06
898,0.014341146588642776
899,0.0016641972002206045
900,0.9998950671759734
901,0.00010430592460232824
902,0.9894488212235618
903,0.0005548141276857156
904,0.0872964715759655
905,0.970032141359954
906,0.9611249216057015
907,0.1805347087245753
908,0.9993789655195792
909,6.135164267513699e-05
910,0.019099011837823608
911,0.9998313679652022
912,0.9983835982148178
913,0.0004370282015921077
914,0.0021919840501490756
915,4.660370728964749e-05
916,0.9999339912376072
917,0.9844409090785057
918,3.859896676563094e-05
919,0.9893164306431509
920,0.0004725712074164863
921,0.00022449346282934316
922,0.999264589778353
923,2.4306123651060053e-06
924,0.9998548107218334
925,0.9999655490092256
926,0.999953465528565
927,0.05188654724858015
928,0.9543077662950803
929,3.4517016189184096e-05
930,0.9994786446682765
931,0.000328506855983037
932,7.147507287248539e-07
933,0.9964330560713891
934,1.6675818611744837e-07
935,0.0021026971135225283
936,0.9980721200970172
937,0.9999979737289746
938,0.0004725085523233591
939,0.9997874694657173
940,0.9997603689022874
941,0.9981628307476144
942,0.0030548943549249105
943,0.9985102315709652
944,0.9999203051491709
945,0.9992179028035386
946,0.9684270443826899
947,0.09409526776399171
948,0.9494932421081461
949,0.9993257663172304
950,0.008794957900006239
951,0.9912232902959356
952,0.9957368122440807
953,0.9990818377584542
954,0.9994236345296674
955,0.009034518823452764
956,0.0009214802261411373
957,0.9875630441027208
958,0.9866915255257146
959,0.9993735054908803
960,0.00015900351594664382
961,0.9995667324666803
962,0.999976203115639
963,0.9991785786722048
964,0.7983762110433577
965,0.01174020401504763
966,0.10897261842779705
967,0.0001632413495648698
968,0.010565537776409648
969,0.5787922933431444
970,0.43119493270374615
971,0.999959886548572
972,0.00015007578288891307
973,0.9890769159542553
974,1.275369762152331e-06
975,0.017850596714117997
976,0.00017514381010077875
977,0.0071751585735298625
978,0.0030571485948269104
979,0.9939439778562362
980,0.9981597447863728
981,0.957552154793034
982,0.9998821426243049
983,0.02699560029912326
984,0.0006593620019452995
985,0.999104183894304
986,0.9922275602625512
987,0.2757372333129535
988,0.9977890665710879
989,0.9999785413131829
990,1.6321005172809777e-05
991,0.9990444697634927
992,0.9916830818178992
993,0.36604799040786107
994,0.9999601380295924
995,0.0013274746077041122
996,0.9982087792899255
997,6.288667682323974e-05
998,0.9980485552051017
999,2.343828943942261e-06
1000,0.0018908567561898627
1001,9.62507643035124e-07
1002,2.074176276189559e-05
1003,0.5251591640871917
1004,0.7234936584593581
1005,0.479547061129351
1006,0.00011107684747659769
1007,0.00020740781346881575
1008,0.9978017171633281
1009,0.06193493067203808
1010,0.000667320179837364
1011,0.9977477659298738
1012,8.18051016165383e-05
1013,2.4888934778737304e-07
1014,0.027808793568171904
1015,0.0029914778290001972
1016,0.9996268658943431
1017,0.9992860639828701
1018,4.389250793929418e-06
1019,0.9976840828395351
1020,0.9996297892141357
1021,0.9999996970136521
1022,0.0027137720327382424
1023,0.9999456739058294
1024,5.045655613969551e-09
1025,0.0022511125985422856
1026,0.0001430242712894427
1027,0.0005197736335800172
1028,0.9991670256226398
1029,0.00012427570761833865
1030,0.0032071789185501016
1031,0.0011621824516694574
1032,0.9971084114519596
1033,0.9942555566662837
1034,0.9985203418587589
1035,0.9989619592573075
1036,0.016100432266689828
1037,0.9994800416102514
1038,0.9958007987369706
1039,0.9949091226999626
1040,0.058850261868267174
1041,0.9993328246211345
1042,0.9967437945067985
1043,0.9032031327028283
1044,0.9998841943023462
1045,0.9737277077680764
1046,0.9993426831884519
1047,0.0004040631447666307
1048,0.0014874016673198493
1049,0.9934360331783906
1050,0.9964952970110648
1051,7.937081545301e-06
1052,0.814321123756544
1053,0.9997667637925143
1054,0.011723070152028118
1055,0.001091094240816022
1056,0.9983498186123628
1057,0.9865615586022616
1058,0.9900243047047098
1059,0.9891808799010865
1060,0.9958173499663764
1061,0.001279385380539876
1062,0.9871198197167935
1063,0.0013792184669653602
1064,0.00012873547263015706
1065,0.9895048556455166
1066,0.028208085921476864
1067,0.2636442555713426
1068,0.00013016072046478775
1069,0.9925975312177274
1070,0.8881542613374536
1071,0.9991357949876865
1072,0.0010750861231957065
1073,0.9742583727905293
1074,0.004501835861471399
1075,0.987030572281477
1076,0.010853725526690932
1077,0.9984644853938623
1078,7.451964525085911e-05
1079,0.999996100649178
1080,6.573141255195942e-05
1081,0.9999092395264642
1082,0.9988232197986797
1083,0.9999121911987356
1084,0.730538359250333
1085,0.9894021047472752
1086,6.0896508033497345e-05
1087,0.0010162950071896863
1088,0.9999926393409396
1089,1.8348139514410825e-06
1090,0.9427061237762774
1091,0.9940110544539671
1092,0.001032231486769609
1093,2.0056245699010703e-05
1094,7.2198741574586474e-06
1095,0.11189035392730098
1096,0.9996385475209413
1097,0.004064218744589321
1098,0.9998779201492147
1099,0.4512254446562069
1100,0.973034572147845
1101,0.9991755521658792
1102,3.243637367138721e-05
1103,0.00011613270754454316
1104,0.0012118053932078272
1105,0.9988495540777571
1106,0.9999984868152803
1107,0.2728978451717432
1108,0.003397678221026299
1109,0.9996489230989407
1110,0.00025707195926589626
1111,5.132796357234427e-05
1112,0.999948413771252
1113,0.992136267020085
1114,0.02131779070883536
1115,0.0031551293007100125
1116,0.00010035041891070567
1117,0.00015657146948038205
1118,0.9978809834636398
1119,0.996733617293849
1120,0.95148701543063
1121,0.002202740631165876
1122,0.9991970884790523
1123,0.00016504902708434143
1124,0.34011088494406577
1125,0.055457058744625996
1126,0.9994634821443553
1127,0.9983181606680965
1128,0.0043797561417230485
1129,0.9970782382158186
1130,0.999820518422481
1131,9.042844623284708e-07
1132,0.0007284970562242895
1133,0.02062584957550466
1134,0.9463838413070942
1135,0.0003647182036402688
1136,0.9995427054386657
1137,0.9889841650262128
1138,0.998300937372626
1139,0.9566731411198522
1140,0.0008025296362027479
1141,0.0016292171089169363
1142,0.9992056811427087
1143,0.9984760162506146
1144,0.04260713044240356
1145,0.9973268038188647
1146,0.9967003051353426
1147,0.0006335461867916255
1148,4.783439902798243e-06
1149,0.9999318673582858
1150,0.9979447348640605
1151,0.9965928633029051
1152,0.9997330106189987
1153,0.9978246413773877
1154,0.9992150151191062
1155,0.4794756928353474
1156,0.9999983612278658
1157,0.9994947255495863
1158,5.606712537176613e-05
1159,0.9999450640968501
1160,0.9996434415906742
1161,0.6512876105952075
1162,0.9980044203712075
1163,0.999999506306192
1164,2.461744400208451e-07
1165,0.9832171760550166
1166,0.11479464933337453
1167,0.9972709229438743
1168,0.9993641612114099
1169,0.0072412153731685235
1170,0.000611753799256306
1171,0.0015707380246900856
1172,0.9999797083531605
1173,0.0016600163432118227
1174,0.2137971056833796
1175,0.9998951119845533
1176,0.6974745049443747
1177,0.9998910240217923
1178,0.992825509611696
1179,0.9998721263735603
1180,0.9956697573853432
1181,0.9996684987993462
1182,8.349240793546499e-06
1183,0.9997901101288922
1184,0.9999738086758192
1185,2.524152733221098e-05
1186,0.9967161734709384
1187,0.9984231781147421
1188,0.9504026976356076
1189,0.042674540227131005
1190,4.091722626399178e-06
1191,0.0012603047016669063
1192,0.9989267825373003
1193,0.0006597464148750813
1194,5.737241135527574e-06
1195,0.0024389683308472052
1196,0.9999385604631253
1197,0.9998854293872821
1198,0.0002539501469990931
1199,0.9439270321500625
1200,0.9984957952019451
1201,0.9973527529825053
1202,5.282350302998716e-06
1203,0.05366764098538194
1204,0.9159679073269037
1205,0.9994482469659136
1206,0.008671810952381126
1207,0.002368590418260793
1208,0.9995223196335904
1209,0.9998885151117254
1210,0.037643412719061714
1211,0.014160932663290719
1212,0.00035899373106433895
1213,0.9988179451081965
1214,0.9999822927995803
1215,0.9995551268620486
1216,0.8706616701033594
1217,0.004034463641774401
1218,7.399868358626345e-06
1219,0.999976037128513
1220,0.005222662332837125
1221,0.00014426633917838727
1222,0.998258353104645
1223,0.9993008406201743
1224,0.0004938838445289293
1225,8.129097006220754e-05
1226,0.9985952989627013
1227,2.7413372590330554e-05
1228,0.00012782713258780375
1229,0.99999267097144
1230,0.9994582769455086
1231,4.458232636621948e-06
1232,0.9529858981354449
1233,2.828041948473438e-05
1234,0.9986773149923143
1235,1.973528743764524e-05
1236,0.9990961230545137
1237,0.9977575219581186
1238,0.9993579706705391
1239,0.9946316994648722
1240,0.0017123349496250008
1241,0.9972673106863064
1242,0.9999986252087449
1243,2.1212646238480402e-05
1244,0.0010838272473519459
1245,0.9559273011740562
1246,0.9999908339405967
1247,0.9928636411820954
1248,0.998356808837201
1249,0.9996165762633714
1250,0.9802856786611661
1251,0.3597441774973874
1252,0.02288105381042498
1253,2.6512078895488713e-06
1254,0.9997893448100186
1255,0.8592728088960288
1256,0.967333110242844
1257,0.9992538091334053
1258,0.9943389948141101
1259,0.9999221828776993
1260,0.9762429948522982
1261,0.9999997903342372
1262,0.9857897532284248
1263,0.0052924285985982865
1264,0.0001935594010042004
1265,0.9969151220585363
1266,0.02634556870932684
1267,0.9980480396290002
1268,8.515705272502357e-06
1269,1.007525419010399e-05
1270,0.10822809636371732
1271,0.99452487162797
1272,2.5369917005178064e-05
1273,0.0005457043402740682
1274,4.984600536757454e-07
1275,0.9976743115607074
1276,0.9999171056140724
1277,0.9996379505475597
1278,0.9999918346591794
1279,0.0013817703124393735
1280,4.584647568780219e-06
1281,0.1342292267955916
1282,0.9994680495919731
1283,0.0001135409773655236
1284,0.5608148132424464
1285,0.9991843468825286
1286,0.9991376619511717
1287,0.0025700418577849237
1288,2.4174674573564203e-07
1289,0.0015175946896890328
1290,0.9999913037957344
1291,0.9552495927924219
1292,0.00015319842719287274
1293,0.9997103247321342
1294,0.9999925027226054
1295,0.9998933261398081
1296,0.9999633104006571
1297,0.0006101574087816003
1298,0.99977630524865
1299,0.9992557213793221
1300,0.9990591555907199
1301,0.024061473981893528
1302,0.8540793763686308
1303,0.9999893576364508
1304,0.005163805679531551
1305,0.015106432699640212
1306,0.12983409460691958
1307,0.0005100014159935307
1308,7.478784191247603e-05
1309,0.9997736802490224
1310,0.9767212136360968
1311,0.9988018690309781
1312,0.0031752822395802282
1313,0.9665723757307735
1314,0.9999441321718915
1315,3.049580813699607e-05
1316,0.007018613868456008
1317,0.999793663375159
1318,0.06381825580457642
1319,0.9999405582472033
1320,0.00011971512512940777
1321,0.04823242024475026
1322,0.0034876271735532196
1323,0.9946450562570971
1324,0.0005407405089158285
1325,0.9995770711937138
1326,0.020625584970310855
1327,2.2440879822041998e-08
1328,0.004275154280646096
1329,0.9999918624559865
1330,0.9933945612928898
1331,0.00028728556406863433
1332,0.00010859028910904939
1333,0.0022408188919600044
1334,0.0021108263205733696
1335,7.187077093086063e-05
1336,0.07801864674155226
1337,0.0003426737270494215
1338,0.9992882280129658
1339,0.9997827196742611
1340,3.891071772005064e-05
1341,4.28020943344652e-06
1342,0.9994098055829603
1343,0.9999711950711976
1344,0.01327127098258678
1345,2.543168719720532e-06
1346,0.9997551250966458
1347,0.9987202575678251
1348,4.5359757748690724e-07
1349,0.9969063949652418
1350,0.9996390351878701
1351,0.9998345445659801
1352,0.004461772053296476
1353,5.553857033533897e-05
1354,2.0278409407239215e-06
1355,0.0003155071820498893
1356,0.9997593230469831
1357,1.3149231638431433e-06
1358,3.2962131644178284e-08
1359,0.9994281065745326
1360,0.9999451234864638
1361,0.9921627694548796
1362,0.9975894364072233
1363,0.0014615606004486736
1364,2.0116407797831607e-05
1365,0.627580779322545
1366,0.999981874004418
1367,0.9978755783835426
1368,2.771172596467619e-05
1369,3.1603013898699527e-06
1370,0.00021345226744180353
1371,9.565448697798898e-05
1372,0.9999283108178956
1373,0.0012613720211847135
1374,2.9015637741367927e-05
1375,0.014828275395470596
1376,0.9991337707432212
1377,0.9999997603650405
1378,0.022270329196559926
1379,8.631130030856768e-06
1380,0.0013570643447872728
1381,0.9992629841897784
1382,0.9996855685835623
1383,0.9992078643114312
1384,0.0003669293891328843
1385,0.9997133781636244
1386,0.0003008118252933465
1387,0.004606872348571282
1388,0.00013064238442247577
1389,0.00013569969105401504
1390,0.0006255279164906807
1391,0.9962841557761773
1392,0.9974430792039112
1393,7.415790734131759e-05
1394,0.9771901974081069
1395,0.0035532713873747132
1396,0.9977236678946716
1397,0.9976301577536956
1398,0.9984273836400553
1399,0.9921917105067745
1400,9.649839639652461e-05
1401,0.9996546542206569
1402,0.9996448726863825
1403,0.9998027121598309
1404,3.908269246668036e-05
1405,0.9496894839359715
1406,0.9954971548256064
1407,0.9989297960498722
1408,0.4373071223587128
1409,9.020729101300387e-05
1410,0.004635008967366615
1411,0.9998932900141317
1412,0.4293159889729953
1413,0.9994475403593724
1414,0.0016602224924262463
1415,0.08978632828540184
1416,0.9982222089925263
1417,0.994169731750569
1418,0.36242499459812966
1419,0.999659994088101
1420,0.0002089259848852781
1421,0.08651394128157958
1422,0.0002499883894618984
1423,0.029420822146289643
1424,0.9999230970609383
1425,1.586385343684469e-05
1426,0.9993466595802869
1427,0.9931649349165195
1428,2.4610431430403225e-07
1429,0.9999955057463502
1430,0.0003122748327538026
1431,0.9997126957826372
1432,0.0029542059514108
1433,0.9971690124178965
1434,0.00018861121181653148
1435,0.001384391384271733
1436,0.9956844837962125
1437,1.4450427029204646e-05
1438,0.9977665369131842
1439,0.9997059835164069
1440,2.9543418229656643e-06
1441,0.9993291523101644
1442,0.001020121110284564
1443,0.006522999122768723
1444,1.7523946122894262e-06
1445,0.5222684299161054
1446,0.9991530882007603
1447,0.013821240545589853
1448,9.819689280041118e-05
1449,4.423223847682702e-05
1450,0.991345186382605
1451,9.612031196228527e-06
1452,1.1853777079295945e-05
1453,0.9923981610372907
1454,0.9995279814422071
1455,1.3551852289963479e-08
1456,0.02418853872731844
1457,0.00017072664818334582
1458,2.4521988247908783e-07
1459,5.271781038949604e-07
1460,0.006430893966089263
1461,3.460497640716413e-07
1462,5.5774158502369316e-05
1463,0.9929766028720214
1464,0.9995542532106445
1465,0.9930014438911924
1466,0.0020432847162521893
1467,0.021779693001278612
1468,0.033251643769310495
1469,0.9939222093081799
1470,0.9995459439553942
1471,0.9973613958471607
1472,0.9999847568316558
1473,0.000921273263765149
1474,0.9999954934270887
1475,0.9991842945398588
1476,0.00010447102990976706
1477,0.023672327302284125
1478,2.5932334045846162e-05
1479,0.99906076741531
1480,0.9979864371119489
1481,0.9992382858084322
1482,0.015994463110773675
1483,0.9999828321781208
1484,0.011054192041423879
1485,0.00012937953999774638
1486,0.9999413435074206
1487,0.6439804118099074
1488,0.9994642144913517
1489,0.05813863479323936
1490,2.139170871442448e-05
1491,0.000595150414105251
1492,0.9998813384204449
1493,0.9999145979720991
1494,0.0011070152616101364
1495,0.9999120137745661
1496,0.000110845464625822
1497,0.9969889504139867
1498,0.9996796981726447
1499,0.0008583990401772862
1500,0.9999741371577134
1501,0.18920080271478698
1502,0.9898523686796995
1503,0.020983304974844255
1504,0.9981282019947579
1505,0.0018444195100855842
1506,7.100334321294994e-06
1507,0.9871840608158448
1508,0.18844178866289193
1509,6.345908666208821e-06
1510,0.9969157592210587
1511,0.0004194340350581717
1512,0.9994693232762041
1513,3.8021059185363354e-06
1514,3.408564249144465e-06
1515,0.9739893868624954
1516,0.4274341311296481
1517,1.7970660080593034e-08
1518,0.5676299392617509
1519,0.9999981695605212
1520,0.9999072123463187
1521,0.972550008365796
1522,0.004945644222871934
1523,0.0002625857762154505
1524,0.9763253365868915
1525,0.9989965853005882
1526,0.9568651809788198
1527,0.021703919082890117
1528,0.999078963360348
1529,0.0010399749118365851
1530,0.9602850943988807
1531,0.002602939835821507
1532,0.00330374405859647
1533,0.0003798160214270883
1534,0.9983417517131902
1535,0.9946139629201596
1536,0.9999205052442679
1537,0.9992348965207948
1538,0.00044007879109416137
1539,0.0007928592770840349
1540,0.9888513058127734
1541,0.010553149469325368
1542,0.028726794829947302
1543,0.023021918253812564
1544,0.9999769206544052
1545,0.999899769040638
1546,0.989564208964366
1547,0.0006016332821634094
1548,0.9993910617086312
1549,0.9983181212499525
1550,0.999756481774
1551,0.9999641074661537
1552,0.9811211058454778
1553,0.9789836734746022
1554,4.226534166055554e-05
1555,0.014295337523670928
1556,0.00048150224642708265
1557,0.01506201066284468
1558,0.9996569940790051
1559,8.59074118269921e-06
1560,9.703610484973426e-07
1561,0.9972821830199515
1562,0.9936058205697175
1563,0.9880848131223833
1564,0.7548195625570873
1565,0.9939099837718814
1566,0.9899138933290914
1567,0.9934914411163512
1568,7.227400569770002e-06
1569,0.042225474050989524
1570,0.9972975261313994
1571,0.9989836264663029
1572,0.00044811480409664956
1573,0.3275970396458987
1574,4.813112751971448e-07
1575,0.9999153821226658
1576,1.909928153241618e-06
1577,0.9965556542871962
1578,0.9996509220085169
1579,0.0008406966916762127
1580,0.017436281085592944
1581,0.9998891012036486
1582,0.027598956526937116
1583,0.9944887262464112
1584,0.9970531320158948
1585,0.4922746720741282
1586,0.00016845231725867515
1587,0.008579956442991463
1588,0.9995990604692563
1589,0.9611474397161589
1590,0.9824453870746034
1591,0.9576034306171501
1592,0.0005866858022051924
1593,0.9923575217800045
1594,0.0003841809224469765
1595,0.012473847490348713
1596,0.016965252996887517
1597,0.7287689189400169
1598,0.001980307266974425
1599,0.0010141475405888232
1600,0.9717857574843703
1601,0.005891800376508113
1602,0.9994911451640922
1603,0.0019126172221803062
1604,0.030717694308953367
1605,0.9998813967854174
1606,0.0007104791476851501
1607,7.522333667092113e-06
1608,8.235224851535847e-05
1609,0.9988380766250522
1610,0.99080624170958
1611,0.9991262050845393
1612,2.6152242508462516e-06
1613,0.9968764889176489
1614,0.999322175599755
1615,0.0015112394961186734
1616,0.34273370371269235
1617,0.007609008566625078
1618,0.0006838128840517848
1619,0.845441406823758
1620,0.0692151774344679
1621,1.6260494894518913e-05
1622,0.7072582518948773
1623,0.9999937712239335
1624,0.9999974688779766
1625,2.675818249371116e-06
1626,0.9960945172774812
1627,0.14690025546805177
1628,7.014936846472357e-05
1629,0.9997923536672407
1630,0.9999827663830902
1631,0.9998066777301982
1632,0.0002614930633695313
1633,9.886142643099118e-06
1634,0.006800396386627013
1635,0.0008931837706039591
1636,0.9281348546197792
1637,0.9480319284565817
1638,0.990895204162496
1639,0.9936828960486505
1640,0.9993908674495905
1641,0.0002719560363762494
1642,0.7183078335117317
1643,0.9989222695386699
1644,0.9996601074783815
1645,1.5254036052542336e-06
1646,0.9805206146020106
1647,0.99871274447264
1648,0.999660974812473
1649,0.9999181932972218
1650,0.0007742439411923896
1651,0.9888170443806915
1652,0.003983945867489617
1653,0.003149505034754964
1654,0.007580962742345477
1655,0.25447124548584205
1656,9.51873114598376e-07
1657,0.9999647752525811
1658,0.9997061490973667
1659,0.001341100571360511
1660,0.8020874222203023
1661,0.9926910893819271
1662,0.9924305686453336
1663,1.9433254210272453e-05
1664,0.0027844188870462714
1665,0.0030350201740715404
1666,0.9461715720558638
1667,0.999252793959108
1668,0.0024922486898409086
1669,0.005113054376547803
1670,1.3894482760711802e-05
1671,0.9999410996953184
1672,2.123435068378395e-05
1673,0.9997290703193169
1674,0.9998746302550503
1675,0.04856114259600554
1676,1.3186437395865377e-05
1677,0.9949983941181577
1678,0.9516539615485966
1679,0.03713718758013707
1680,0.0006638701908561926
1681,2.184398741022491e-07
1682,0.9988130724977733
1683,2.6871855404263036e-06
1684,0.9962728678187078
1685,0.0004945549445105352
1686,0.9999122889414855
1687,0.997352928337132
1688,0.9969189183805137
1689,0.9977164640822872
1690,0.9997657896431775
1691,0.001542145392454126
1692,2.8402906632743254e-06
1693,0.9999388738344135
1694,8.120943518960453e-05
1695,0.9937562985730972
1696,0.9817322111705054
1697,0.9548134701981311
1698,0.0009593029322077295
1699,0.022168505384496297
1700,0.9989705758386693
1701,0.9913534778784792
1702,1.7975892043189387e-05
1703,0.9936042734145545
1704,0.9906030884389914
1705,6.765842866772475e-06
1706,0.9898092554341171
1707,0.0011571058659480893
1708,0.8428761146767344
1709,0.9996867839774107
1710,0.9384385273033975
1711,0.9999777384060158
1712,0.0069954228234123785
1713,0.0008992285130168142
1714,0.8377817838671108
1715,0.9991832621681026
1716,1.5183416730687612e-05
1717,0.0002640964697398711
1718,7.107769818439056e-05
1719,2.4924573618702946e-05
1720,0.9784172003652746
1721,0.0010841742882581717
1722,0.9982153652809032
1723,0.9999257301252664
1724,0.9997675607721146
1725,1.1434617933827772e-05
1726,0.9997267585513779
1727,0.9999994058295001
1728,0.0018626888308657737
1729,0.00013604355187978796
1730,0.9928505924510314
1731,0.9989538924161646
1732,0.9997524772910469
1733,3.1841640006765403e-06
1734,0.004184209598766948
1735,0.999333244695662
1736,0.21530635214510954
1737,0.02791845676061045
1738,0.010040281672458186
1739,0.9987962609199215
1740,0.9999902671472645
1741,0.8389637320534074
1742,0.9999927903433201
1743,0.000734068220389892
1744,0.0005289608047966004
1745,0.9816761167493211
1746,0.9975668749952341
1747,0.4076520285333199
1748,6.097071248762933e-05
1749,0.9806616455267129
1750,0.999566423120933
1751,0.003671807775799853
1752,0.9771771212654833
1753,0.0005176496675734635
1754,0.00022575745513671712
1755,0.9991899468875601
1756,0.9997795337375507
1757,0.006040149128336151
1758,0.9819623165974896
1759,0.0009684510204322815
1760,0.9862644600178125
1761,0.0007888528800921057
1762,0.001123425100193976
1763,0.9972327805135963
1764,0.9997533403647477
1765,0.9996626137204199
1766,0.9996406352219308
1767,0.00027864738254424187
1768,0.0005071063644002047
1769,0.9971051458323379
1770,0.0006081774867139764
1771,0.9328538370393439
1772,0.999831485003434
1773,0.0012509666125374767
1774,9.26138942140731e-06
1775,0.7176204889741874
1776,0.9546750764955466
1777,0.00012585147072292368
1778,0.00013171774585707966
1779,1.396242866174402e-05
1780,1.8132318022400894e-06
1781,0.06066644972343401
1782,7.137227559392136e-05
1783,0.37409725576425795
1784,0.00047572296830885783
1785,0.00032453237706478504
1786,1.0857542758509338e-05
1787,0.9952854820280436
1788,0.0007347435034357917
1789,0.999994049504116
1790,0.8607929672781955
1791,0.00037021093911300947
1792,0.9808016736138281
1793,0.9991804173208204
1794,0.9988615879686851
1795,0.9997819884666068
1796,0.00024076004049946797
1797,5.560272733469615e-07
1798,0.004352459099999223
1799,0.8941244949031459
1800,0.0007787647671582568
1801,0.9996356300726621
1802,0.9998566421538956
1803,4.2800547765546555e-05
1804,0.00034815752914747907
1805,0.008676447806559687
1806,0.001481694695427354
1807,0.9991943032814656
1808,2.011106550721426e-05
1809,0.0002015409129093864
1810,0.006168924588681624
1811,4.1520738269242386e-05
1812,0.999990276471898
1813,0.0021599935020701704
1814,9.441999617470801e-05
1815,0.001979074161890647
1816,0.026787275417527463
1817,0.8299006764247822
1818,0.9993114626310199
1819,0.9993232313333403
1820,1.2431627905270683e-06
1821,0.9999811776725113
1822,0.9914746118320366
1823,0.13777608067606162
1824,0.004547632284619056
1825,0.00027807796075242624
1826,0.0013430917364944475
1827,1.5266860223778297e-05
1828,0.00684442003096675
1829,0.9992304251475403
1830,0.9804938645576096
1831,0.9991374056696152
1832,0.9999879233184858
1833,0.9908479229692745
1834,0.9889405665763937
1835,0.9558698266929188
1836,4.047281486066427e-06
1837,0.0014995329497917776
1838,6.277603166917895e-07
1839,8.068353384994127e-08
1840,8.735054672059865e-08
1841,0.0014414730537064256
1842,0.9999011820294769
1843,0.9728145772411512
1844,0.9984330903316886
1845,0.007437986925745368
1846,1.591382325863505e-06
1847,0.9986582959558653
1848,2.3894714189581493e-05
1849,0.9576717443876792
1850,0.9956613778002172
1851,0.999772680784216
1852,7.85929983218268e-05
1853,0.9694055423767733
1854,3.2280279114155415e-07
1855,0.9997298306799314
1856,0.12850209723021122
1857,4.090127810122418e-06
1858,0.9985832287502557
1859,0.00010629626016467425
1860,0.03380102460960988
1861,0.9976544998982693
1862,0.011249870877469259
1863,0.22069344032252464
1864,5.454102041210796e-06
1865,0.16055251063127102
1866,0.9991199253635318
1867,0.9133434323682972
1868,0.0008343437684234673
1869,0.9999839775430478
1870,0.003351431572031507
1871,0.9998002453202524
1872,0.004641820496809173
1873,0.0005242833753442857
1874,0.007125635715760926
1875,0.9946440299771692
1876,0.00011093192035992931
1877,0.007907085485533065
1878,2.377274380173497e-06
1879,0.00140598671664004
1880,0.05421944881898714
1881,0.9989045499441167
1882,0.001033162035103947
1883,0.0004022844216403173
1884,0.0025528859295305324
1885,0.054431237536309206
1886,0.9990232836693463
1887,4.8444713339827365e-05
1888,0.000635435815179
1889,0.49326148030586636
1890,0.9994500159170717
1891,0.00011798526965990987
1892,0.9994440673644224
1893,0.03494119569376107
1894,0.9992241530154731
1895,4.076325569175108e-07
1896,3.8378172474088116e-05
1897,0.9992680661125327
1898,0.9999974366184357
1899,0.995726602957362
1900,0.994640554452858
1901,0.99675190509051
1902,0.9996398027642422
1903,0.9999961360755073
1904,0.8385322734289421
1905,0.9897548951670844
1906,0.00018554081445052567
1907,0.2339265038616953
1908,0.9937048485126355
1909,0.9971293378196351
1910,0.000862696775085469
1911,0.020594084771333135
1912,0.1002631081324998
1913,0.9995199728873009
1914,0.9997753050967992
1915,0.004669353933560845
1916,0.9955654591584105
1917,0.0013907232117794798
1918,0.0031498132364975464
1919,0.011573173839680465
1920,0.9999891115035823
1921,0.9999858241795513
1922,0.9291725345741473
1923,2.2237480419358936e-06
1924,0.00925301482012739
1925,0.0002731913274014829
1926,0.9999145273039894
1927,0.9999695722306826
1928,0.001528755085677069
1929,0.003462493989274247
1930,0.00032146743649655394
1931,9.777176745591372e-07
1932,6.5604913619242e-06
1933,0.9998408246252773
1934,0.005520695187685311
1935,0.0040499078744325075
1936,0.9563270372115459
1937,2.939314298140047e-06
1938,0.0003284421961879341
1939,0.01986616497466431
1940,0.9994636477841536
1941,0.9992912254146263
1942,0.9996216990486032
1943,0.9967896001600756
1944,0.9986654769370414
1945,0.9999909802499375
1946,0.9980946546399682
1947,6.474642233314756e-06
1948,0.9842555295693529
1949,0.9996372531900746
1950,0.9849782219306198
1951,0.9997986910093217
1952,0.9995418805822637
1953,0.9972182529263692
1954,4.411734142401321e-06
1955,0.9999508301182733
1956,0.0011217585825596835
1957,0.45811802032986937
1958,0.07005274326183823
1959,0.000789639998414232
1960,0.02626098777464733
1961,0.0067082455481018415
1962,0.008125094587318162
1963,0.995502814844068
1964,0.999892280381312
1965,0.10512689791066353
1966,0.022621372595899136
1967,0.001029706707757403
1968,0.9968841571900128
1969,1.4499912117175388e-06
1970,0.00014811821056100692
1971,0.9762676322992992
1972,0.00012766608325972536
1973,1.775098320718169e-05
1974,0.01939155880993925
1975,0.07526959298947136
1976,0.007337793063510316
1977,0.8582272271302487
1978,0.14993694345766428
1979,0.6377211995100006
1980,0.963642398405309
1981,0.0001910564483003448
1982,7.701984054521801e-06
1983,8.069678621051241e-05
1984,7.359492555779466e-07
1985,4.1139639967664063e-07
1986,0.00016620156978847502
1987,5.357464582236038e-07
1988,7.310635901060216e-05
1989,2.661044444349884e-05
1990,0.036535275674846886
1991,0.9998111051018426
1992,0.9997381196205263
1993,0.9999009117499243
1994,0.003159716474017091
1995,0.9489962281189063
1996,2.8471460633112836e-05
1997,0.0035629536706238596
1998,0.000850973334747012
1999,0.9989531939722798
2000,0.9999965278816514
2001,0.0010896408793103873
2002,0.9989720305546402
2003,1.0374533711533426e-06
2004,0.9999759691195823
2005,0.998945678225245
2006,0.9277162322296524
2007,0.011585509306239621
2008,3.50360367414332e-06
2009,0.0059334566811135355
2010,0.0001912085828725731
2011,0.9996476466609928
2012,0.5429391930249451
2013,0.9867265765895209
2014,0.9868141956064853
2015,0.9953940701862967
2016,0.001176043364099736
2017,4.915832952505343e-06
2018,0.9952869796358608
2019,0.9884457088088506
2020,0.0002770407085255396
2021,0.5250253350499894
2022,0.0005525340322289955
2023,0.9986306099938432
2024,0.06393559884523557
2025,0.9998086020118059
2026,0.9995401602671343
2027,0.8462244126722676
2028,8.455613962986945e-06
2029,0.9969646239518681
2030,0.991876345077634
2031,0.10632913277143034
2032,0.999916847562577
2033,0.9940305317544936
2034,6.502482579302817e-06
2035,0.000254666326535708
2036,0.9218057907044994
2037,0.9943949146675614
2038,0.9961172334983124
2039,0.0020894768882778886
2040,0.0011014059644735108
2041,0.9952124423163884
2042,0.9999587098335149
2043,3.776425108578657e-07
2044,0.9993416664898709
2045,3.897170632484571e-06
2046,1.4272710722918845e-05
2047,0.0012536907120111174
2048,0.7323456169241958
2049,0.9997875028021754
2050,0.0006488233564157262
2051,0.00040522250209075667
2052,0.0067499495771938135
2053,1.865582511852487e-05
2054,0.00023095830741916445
2055,0.00022797406261772097
2056,5.643015136472391e-07
2057,0.989165412039828
2058,2.6217203091442164e-06
2059,0.9988614678695263
2060,0.009856720635187262
2061,0.99056383637967
2062,0.9999678245766761
2063,5.493380531171302e-05
2064,0.008751646364135196
2065,0.5873619644326851
2066,0.0030071826349980647
2067,0.999260675867728
2068,0.9999335593733116
2069,0.00014211480945497957
2070,0.9814836518872461
2071,0.31333745974653787
2072,0.5251216729058376
2073,0.006696797097802742
2074,0.852950333619786
2075,0.9988616951570533
2076,0.000998194060673874
2077,0.9373748979282188
2078,0.9989730142905388
2079,0.010450677665952904
2080,0.0034634112620940787
2081,0.0060165920634433516
2082,5.89950080065131e-05
2083,0.99621871052488
2084,0.9999295900573374
2085,8.506420993630698e-05
2086,0.00019409828393555323
2087,0.9501708005725567
2088,0.9995515707984621
2089,1.052106244930201e-06
2090,0.9977662615277422
2091,0.998437720026467
2092,0.9359425884743611
2093,0.090769357185763
2094,0.10922852048515364
2095,0.9994301978527123
2096,0.29763751935690685
2097,0.000667689691415184
2098,0.9995311822360722
2099,0.03598558488891901
2100,0.996275345361767
2101,0.0012903463611197844
2102,0.9999651654663039
2103,0.0017514547397985197
2104,0.012836339410012719
2105,0.1101289230044685
2106,0.9830713517848951
2107,0.9994893039487903
2108,0.9999836544663242
2109,0.9967293020915925
2110,0.0001346805736651598
2111,0.037843433793929945
2112,0.9997865116735533
2113,0.006740067976677739
2114,0.9740158675027498
2115,1.4751414950396382e-05
2116,8.88597206519941e-06
2117,9.26676983528512e-07
2118,0.000282659019857627
2119,0.9995861925695185
2120,8.389422387494764e-05
2121,0.005191645709423451
2122,0.9997983936284057
2123,0.9997400951188012
2124,0.9356874539117632
2125,0.00034031147136071607
2126,0.0021045723803502538
2127,4.929958195000113e-07
2128,0.009577880964626157
2129,4.613115500534425e-06
2130,0.010730765201469513
2131,0.8975846896458457
2132,0.004428554424495675
2133,0.9999876165644384
2134,0.9996421055571467
2135,0.0010206397582789707
2136,0.9996594300029642
2137,0.9998006619410635
2138,0.9914872919513028
2139,0.9998429243068198
2140,0.9677482737350647
2141,0.9991928009604245
2142,0.995440320918394
2143,0.0020302305153042056
2144,0.9977522502434197
2145,0.9702060533644722
2146,0.8045668130889184
2147,0.003236255677978284
2148,0.998537036306264
2149,8.294847593517803e-06
2150,0.9995693982748884
2151,0.9932028911734657
2152,0.9949860742773771
2153,0.7686103009026657
2154,0.9999979666749008
2155,0.002771781520338717
2156,0.0012273487673997853
2157,5.11448323416623e-06
2158,7.008290813440658e-06
2159,0.015637897909904802
2160,0.9714011134882276
2161,0.028003308242352233
2162,0.9998423175614988
2163,0.9994742927758755
2164,0.9997846002114222
2165,0.9984989722516755
2166,0.9972133679021319
2167,0.9999652982365995
2168,0.0032534957274805367
2169,3.744476113510196e-09
2170,0.0017516652312919358
2171,0.9978733419077352
2172,0.9998401935924912
2173,0.00037494678504569867
2174,0.9999762987858669
2175,6.464033345405869e-06
2176,0.993309389141747
2177,0.04691986860756085
2178,0.0006676223100670533
2179,0.9997151645909281
2180,0.9998858994339231
2181,0.005738307401780551
2182,0.8496233630402638
2183,0.007195486769076465
2184,0.9999160124470484
2185,0.0036918408802825227
2186,1.2355567182389102e-08
2187,0.999175696143531
2188,0.9993182133792924
2189,0.9797931194172034
2190,0.9811779575838699
2191,0.7821466910756287
2192,0.9997767160874161
2193,9.972406605159164e-07
2194,0.998698355149251
2195,0.009154212136377767
2196,0.07022988324703545
2197,0.9598854200166247
2198,0.9989798700226195
2199,1.2009872311406521e-06
2200,0.9965656302519236
2201,0.9998648539116164
2202,0.9998289356698236
2203,0.00028031949597335793
2204,0.0014327819669155506
2205,0.9999872748496476
2206,0.9998930177775147
2207,0.0018357196693502375
2208,0.9998291789400617
2209,0.9723863827418732
2210,0.00048582254565170954
2211,5.936705900319408e-05
2212,0.9936071044085697
2213,0.028676235562542434
2214,0.006662672078467351
2215,0.9371796573950087
2216,0.9999041205091083
2217,0.9744696576544553
2218,0.9950728363978447
2219,0.37100632050992155
2220,0.956894187289146
2221,0.7222062902300694
2222,0.9999212603340853
2223,0.9992777541810306
2224,5.682107999692983e-05
2225,0.9763580495289352
2226,0.9998838769208169
2227,0.9991384569902145
2228,0.9905698084024028
2229,0.9973585489287679
2230,0.00015677914757087543
2231,0.003743375811059916
2232,0.4273371938248606
2233,0.014564589939142182
2234,0.03893979843917808
2235,0.9915348405035059
2236,0.9847843490940023
2237,0.0004850181138649259
2238,0.9989349560595546
2239,0.0003162519209039726
2240,0.9999513970226234
2241,0.9999962892500006
2242,0.9994025931241923
2243,0.00011487128311488123
2244,0.9996853193124184
2245,0.0004473175770158814
2246,6.764651719693747e-06
2247,0.9998704278008468
2248,0.000148249132209209
2249,1.1444923836664694e-05
2250,4.6395810479589026e-05
2251,0.9994215089929697
2252,0.9958850433466916
2253,0.0018534226151540884
2254,6.337370322871036e-06
2255,0.9998360903635476
2256,0.9999194089703434
2257,0.12110294934869213
2258,0.9816028548832351
2259,0.0029051679882257813
2260,0.9999870343567844
2261,0.0009181787350833318
2262,0.0010156507146602224
2263,0.9976361648453914
2264,0.9934896714790497
2265,0.9953734883142322
2266,2.2399885714604382e-05
2267,0.7017432722569671
2268,0.934398657661225
2269,0.9997091675053817
2270,1.348202745613724e-06
2271,0.4158362592176214
2272,0.015440199696072496
2273,0.6648547656500918
2274,0.00010719785038815116
2275,0.9993386054006353
2276,6.435616682411032e-05
2277,0.2276065888030193
2278,1.5395685796542149e-06
2279,0.9986356442327957
2280,0.9937184338633641
2281,4.032703779014842e-06
2282,0.0004609991473636593
2283,0.013955550728253165
2284,0.00018698169346909488
2285,0.00725488640542755
2286,0.9999941254506314
2287,0.9815748518008454
2288,0.12064905850727027
2289,0.9998568969710431
2290,0.00010451452363705152
2291,0.9993324897276485
2292,0.9990167279878237
2293,0.9935243785681283
2294,0.00120478549769963
2295,0.991511871559736
2296,3.6322747286474874e-07
2297,0.9995309369298637
2298,0.009206366996779385
2299,0.0010618961163294267
2300,0.2713518108345067
2301,0.9999956055955869
2302,0.7585278831975883
2303,0.9999954583760711
2304,0.00011836804434830942
2305,0.9012938063580008
2306,0.9998647487673186
2307,0.036024376018771946
2308,0.0012142804571893696
2309,0.9848856910278745
2310,1.12346453960515e-05
2311,0.9701602681365924
2312,0.999612690224955
2313,0.9998730383586933
2314,0.9756389129618476
2315,1.3816376473302055e-05
2316,0.0003352335664107081
2317,0.9999922368432779
2318,0.985660438260381
2319,0.09359286251333572
2320,0.00013647304813683414
2321,0.9920341433273061
2322,0.003867919018521291
2323,0.00045149574349788083
2324,0.0006848112745504069
2325,0.0002907227688576106
2326,0.7210935838569648
2327,2.448987175728949e-05
2328,0.9114014090310703
2329,2.2398590406572693e-05
2330,0.9999918733574337
2331,0.9990737554456803
2332,0.9988507275415951
2333,0.010366081580906792
2334,0.9996134719366799
2335,0.9968406981378013
2336,0.99904428160318
2337,0.00042571726462673696
2338,0.9942224548824123
2339,2.2101758659271276e-06
2340,0.00013724108882372235
2341,0.11480021138542604
2342,1.3242503930735722e-05
2343,0.9999425694162792
2344,0.9994141419045054
2345,0.9984536983932805
2346,0.08494703798193509
2347,0.989303802904415
2348,0.9998793066779232
2349,7.257759794353447e-05
2350,0.9861596394834465
2351,0.9999733339300303
2352,8.855968229752373e-06
2353,0.9996725567645336
2354,0.0009462241742822056
2355,0.09327951133504442
2356,0.000909590681627261
2357,0.9407853450786189
2358,0.09324107480769571
2359,8.205645197531096e-07
2360,0.9999842247476456
2361,0.9872044530093161
2362,3.6866476670953995e-08
2363,0.00020443400227349758
2364,0.9831951705300227
2365,0.00203918127195728
2366,0.006594804317696743
2367,0.9995879775734242
2368,0.998971551782726
2369,0.12440009319116838
2370,0.940234275239364
2371,0.8669359339070928
2372,0.9998934527470584
2373,0.0004990530377683779
2374,4.158754645068038e-05
2375,0.9967551233717845
2376,0.0024531209525958035
2377,0.9737930963040281
2378,0.9999820896761336
2379,0.012251757449255501
2380,0.014302566246622387
2381,0.9981313608720371
2382,0.9972872006124787
2383,0.998777335558571
2384,0.0006389958244781118
2385,0.9388947072648717
2386,0.0010048459772906445
2387,0.9995215605570996
2388,0.9972255276973273
2389,0.009867989493590842
2390,3.500712441506563e-07
2391,0.03007084227486123
2392,0.0006030022797055906
2393,0.9935538329077949
2394,0.9990165799631728
2395,0.0007425322637079947
2396,0.7337688430644815
2397,0.999992124291518
2398,0.9998555174934732
2399,0.9985028685799531
2400,0.003724171292220918
2401,0.0001226176092361219
2402,0.9999812709964727
2403,0.0011472705170961716
2404,0.9996979243540597
2405,0.9999267922029593
2406,0.9999105140112079
2407,0.9999364301626624
2408,0.9993664990129413
2409,0.09381972803875893
2410,0.9999761478045303
2411,3.0177506526221545e-06
2412,0.011327441273914406
2413,0.9999852975851853
2414,0.0036318585367237552
2415,0.9992680804932872
2416,0.001336623419930553
2417,0.9526597847048089
2418,0.04364025484388718
2419,4.626484651945781e-07
2420,0.9996826386146259
2421,0.04440686460406265
2422,0.0030258891609297642
2423,0.9999390933888833
2424,0.0008806758691920525
2425,0.0009391280611419336
2426,0.9912977537273275
2427,1.1489263028225244e-05
2428,5.518830043235502e-05
2429,0.9944286552180096
2430,0.0008351640186307073
2431,0.999933457099221
2432,0.99725980692654
2433,0.006491105891259712
2434,0.9924437778915953
2435,0.9997064200453323
2436,0.0022428440138387777
2437,0.9998096592615142
2438,0.9999944259965291
2439,0.999791548339301
2440,0.9999877738668992
2441,0.9982174985552055
2442,0.9852985187849502
2443,0.0011294256138801148
2444,0.9999981111032769
2445,1.156664444362486e-06
2446,0.00042970542883111776
2447,0.9998632542595883
2448,0.9847270490930219
2449,0.9914335696463702
2450,1.340439612597153e-05
2451,0.0001973215455608687
2452,0.0004527871588485248
2453,0.9944924250232652
2454,0.0004127254609639896
2455,0.0017495869842017613
2456,0.9390921650905696
2457,0.9999807038163602
2458,0.5166899368480758
2459,0.37413796464086424
2460,6.516228638947195e-05
2461,0.9995985939808498
2462,0.9938360343153573
2463,0.999740799243898
2464,0.992030028130492
2465,0.9977937520222768
2466,9.578670327797868e-05
2467,0.09135360184856203
2468,0.7624692866213154
2469,3.552418039071409e-05
2470,0.8408156867638235
2471,0.9991901868494598
2472,0.9913552315102228
2473,2.5332250898493223e-07
2474,0.9998206544749727
2475,0.951216207617825
2476,0.04942841227158685
2477,0.9735928130289615
2478,0.9991730306029576
2479,0.9804244966149149
2480,0.009108834476393993
2481,4.0024334268085144e-05
2482,0.9995409260773825
2483,0.9848054009960102
2484,3.7276691807443348e-06
2485,0.6250995715072927
2486,0.9999080930340647
2487,0.9999955040479239
2488,0.00027899163866233745
2489,0.000380943763488491
2490,0.9996795137528347
2491,0.999286594530661
2492,0.0005353139955217644
2493,0.996932477310716
2494,0.9999471846071796
2495,0.977917837490457
2496,0.9975589904239694
2497,0.7244180074297678
2498,0.0030957863471125203
2499,0.0009613115580115863
2500,0.0007060395831719487
2501,0.9962196999808435
2502,0.9999340642118636
2503,0.9959665138730422
2504,0.9996431131944826
2505,0.9999986540460627
2506,0.999721311938315
2507,0.030452764608031993
2508,7.429156677587733e-05
2509,0.0033642345636536895
2510,0.999559534311602
2511,0.9994070466022207
2512,0.988224160717145
2513,0.008561665451946879
2514,0.9996489312341482
2515,6.214870192547743e-05
2516,8.363906714411705e-05
2517,0.999003526062333
2518,0.9976072135622216
2519,7.2169725545786e-05
2520,0.9999902120244628
2521,0.9980929773196574
2522,6.704582541795795e-07
2523,0.9999697601045789
2524,0.004562710673991617
2525,0.0006637653627829021
2526,0.9999859746153241
2527,0.005984597687061149
2528,0.9724739088845035
2529,0.9993091008593238
2530,0.9995656624174626
2531,0.0003874277509274499
2532,0.9990735615238322
2533,0.9999891950737023
2534,0.9952214566484154
2535,0.9979526615126226
2536,0.9881626182120988
2537,0.00012936062752006008
2538,0.9997411824795521
2539,0.0004948884666753454
2540,0.9997101001229424
2541,0.9993181334751392
2542,0.9993574117182649
2543,0.02305923790038601
2544,0.0015173086747971444
2545,0.99992845670338
2546,0.8454162458277357
2547,0.03335722505124342
2548,6.3029945373854e-05
2549,0.9972476072930826
2550,0.007627902817448153
2551,0.9839639082492475
2552,0.0007527513353499543
2553,0.9973347034868695
2554,2.38725644119163e-07
2555,0.9852752432811313
2556,9.65580464915869e-06
2557,0.00018990697472925482
2558,0.2257224656750108
2559,0.9903616624304733
2560,0.000571762211736338
2561,0.002786445951461514
2562,0.9971189387243194
2563,0.015064777467814587
2564,0.9999467104210942
2565,3.567739194382028e-05
2566,0.9969931991444377
2567,3.31039531358365e-05
2568,0.0006841012810569759
2569,0.9912072205568371
2570,3.309516738905506e-05
2571,9.009752206828132e-06
2572,0.00012436361484020406
2573,0.9994663156219564
2574,0.988676357021905
2575,0.08677746199333147
2576,0.9984043948468239
2577,0.9974868873889855
2578,0.9569150955302931
2579,0.0009597987839829949
2580,0.39207499844840527
2581,0.006393473844743278
2582,0.9983168483769618
2583,0.9812696679320225
2584,0.0009345968015878422
2585,0.9975552774264835
2586,0.9993861461736684
2587,0.01054141995596517
2588,0.999496474261912
2589,0.9956600369123213
2590,2.31451401300707e-05
2591,0.9988568396990819
2592,0.9965667941558605
2593,0.9942874990435392
2594,0.9999018191668272
2595,0.9989575344215806
2596,0.9994398543744479
2597,0.9166751916996235
2598,0.9998291536067082
2599,0.9984047518492158
2600,0.9958899223378614
2601,0.00029920442706671805
2602,0.9987950375639443
2603,0.20026025347498994
2604,0.9994133678508685
2605,0.8382375167967079
2606,0.00017020051012032547
2607,0.9912956512510572
2608,0.07830357768157027
2609,5.6542468158164755e-06
2610,0.9997790783040084
2611,0.9997858668661685
2612,0.011453468993665616
2613,0.9999496786654767
2614,0.00012187003178709719
2615,0.9954717305754422
2616,0.9999504149832752
2617,0.0013771910294214343
2618,0.9946694379155431
2619,0.5993361689851345
2620,0.9967210341586158
2621,0.9999444822250793
2622,0.001324490124913495
2623,0.9964339144855338
2624,0.0009486628332514436
2625,0.9999044034860664
2626,9.201405916027529e-05
2627,0.9977937404765527
2628,0.9992733514508075
2629,0.0005887255979535113
2630,0.9999825143344245
2631,2.0160843019115307e-05
2632,0.0030576439260396535
2633,0.9999512273657093
2634,0.9996946415477878
2635,0.999948525186092
2636,0.991156637112699
2637,0.998435623442581
2638,0.9993668979476266
2639,0.12378868929944213
2640,0.986091506876277
2641,0.9924981954799481
2642,3.7901047685038354e-06
2643,0.019272133192069683
2644,0.9999957173062224
2645,0.9766670304718296
2646,0.4564972614173086
2647,0.8225286502043242
2648,0.00015165524233604332
2649,0.010629179174640617
2650,6.026859011336758e-06
2651,8.406360543550055e-06
2652,0.0003178982495929076
2653,0.9942443941699908
2654,0.9888405854467551
2655,0.0016569401868289102
2656,0.9999425009375298
2657,0.07328151508150793
2658,0.989135364434773
2659,0.0005167043720237709
2660,0.9997342096896943
2661,1.130575827835086e-09
2662,0.0001163079149571593
2663,0.00012344184708937034
2664,0.008795399573523656
2665,0.9963407565036636
2666,0.004301161746472681
2667,2.5034188831553387e-06
2668,0.001994192313735915
2669,8.3366845023909e-08
2670,0.999074178016033
2671,0.9989016330952912
2672,0.9992850541026181
2673,0.9999988036753705
2674,0.9998486707427822
2675,0.9999776158511476
2676,0.9726345654873528
2677,0.9996217029899221
2678,6.093883791203713e-06
2679,0.0002203639120189595
2680,6.80366385620552e-05
2681,0.9993041715922127
2682,0.18931214387751258
2683,0.6290109843742167
2684,0.9663740533061472
2685,1.156547498363706e-06
2686,3.129403978218966e-05
2687,0.9992243961706853
2688,0.0017178188184984755
2689,0.9996521234901268
2690,0.9970139647244581
2691,0.9993508754743505
2692,0.002483042623472859
2693,0.0016235972448131722
2694,0.996716220298977
2695,0.9995202210878747
2696,0.7561459952691959
2697,0.9999631470731305
2698,2.172801360538246e-07
2699,0.9998817344702474
2700,0.000277310603504074
2701,0.9995931256886943
2702,0.3674963790998803
2703,0.9998491731372692
2704,7.427525595362027e-05
2705,0.00010571937317485362
2706,0.9995957335466331
2707,0.2668675491492239
2708,0.010229802079698584
2709,0.0006069172970595861
2710,0.0016405852133326924
2711,0.0002875229891894075
2712,0.9998622508786923
2713,8.862513737030078e-05
2714,1.3837743427753342e-06
2715,0.999389502638259
2716,0.9976125991263463
2717,0.9992496057950266
2718,0.9998251407726975
2719,0.9922119073557081
2720,0.9916009087772102
2721,0.06914657267658796
2722,0.9998637867909527
2723,0.9762023823948348
2724,5.253252844281294e-07
2725,0.008171001163203698
2726,4.28108614438167e-06
2727,7.141944440949098e-07
2728,0.026324509323035726
2729,9.063173669731578e-06
2730,3.3557050363175434e-07
2731,0.020077022765889244
2732,0.9999964552699937
2733,0.9703613150582164
2734,0.999725981999152
2735,0.9932832747823364
2736,0.9999963068774186
2737,1.1677135931693629e-06
2738,0.0004442362257426917
2739,0.6603954490349626
2740,0.99982612795064
2741,0.9998853819485068
2742,0.9999212040008488
2743,0.9999491717172265
2744,0.01426379541332694
2745,0.9997930397557392
2746,8.301109308864277e-05
2747,0.9993624876444359
2748,0.9997230568244818
2749,7.904831579496333e-06
2750,0.981128840929274
2751,0.9826084455745774
2752,0.018956363444770537
2753,5.987433077951393e-06
2754,0.9969149030440554
2755,0.9991572828181743
2756,0.9999306557598199
2757,0.001172604910995827
2758,0.9999862611856244
2759,0.9955281279777652
2760,0.22704029054140873
2761,0.9922637057922057
2762,0.00012344473081868186
2763,1.009264705533647e-05
2764,0.999939090729877
2765,0.0006898881754560657
2766,0.9996678889412435
2767,0.0017956480257165556
2768,3.264621236883249e-06
2769,0.0008913132775195329
2770,0.014914027820478909
2771,0.8399155701452599
2772,6.817954632405323e-05
2773,0.025589416868302194
2774,0.04102576112106372
2775,0.00014474300962860615
2776,4.823008620514055e-05
2777,0.9995499792903658
2778,0.9999100651750855
2779,0.9997839363746128
2780,0.0004989942212568588
2781,0.9997333164627127
2782,0.9994841285169919
2783,7.346216974828982e-07
2784,0.00010369415424163139
2785,2.0679569866892952e-05
2786,0.9996642765778486
2787,0.9815770543809316
2788,2.272059316644256e-05
2789,0.9865921657602869
2790,0.014182437828445709
2791,0.9998411334836894
2792,0.0017686990991318304
2793,0.9989290933905294
2794,0.999519044457126
2795,0.9899332501332114
2796,0.8758748638229683
2797,0.002983486595166946
2798,0.9865821618305413
2799,0.999783411742151
2800,0.00011411010683092735
2801,0.00030952263701449054
2802,1.14552458750826e-05
2803,0.9934719519940617
2804,0.9999967349165491
2805,0.000817424479740888
2806,0.9905892417476602
2807,6.366673323338193e-05
2808,7.071117016774416e-06
2809,0.9997865837706145
2810,0.9997276583877971
2811,0.999922161983761
2812,0.6928898992609733
2813,0.1982640791015161
2814,0.9959430331501896
2815,0.0007288833686568254
2816,0.9988937538200813
2817,0.9432396400650361
2818,0.0023809574436872466
2819,7.378217021468002e-09
2820,0.998583566034691
2821,5.327679399941542e-06
2822,0.004115835223311287
2823,0.999752474187347
2824,0.9993023855248878
2825,0.999660214972824
2826,0.999693134433992
2827,2.7076317320082218e-06
2828,0.9623685485503087
2829,0.9812484270166394
2830,0.02377540758298021
2831,4.7803604726599765e-06
2832,0.9164589794136248
2833,6.105909733457752e-05
2834,0.9810258967769532
2835,0.016643004780784235
2836,2.2240088107488298e-07
2837,0.9943113895472367
2838,0.9997639865151755
2839,0.990334975165895
2840,0.0003878159378508933
2841,5.963214070375443e-07
2842,8.913416336149603e-05
2843,1.002676342449354e-05
2844,0.9770878129016634
2845,1.8996772319737435e-05
2846,0.9998497504347735
2847,0.9997158016756466
2848,0.9997682655988813
2849,0.042612318939677485
2850,0.0046918257877804365
2851,8.663482962570496e-05
2852,0.9983752927576038
2853,0.00019278561742479408
2854,0.9965186121520303
2855,0.0048963216961039535
2856,0.0009065702044075034
2857,1.1858366447718831e-05
2858,1.7663711017336765e-08
2859,0.9976672440620518
2860,0.0035260442019834966
2861,0.9989596694378156
2862,0.9999787141021814
2863,0.9997326073590134
2864,0.0007024291570621753
2865,0.5354978892727021
2866,0.9995588281803199
2867,0.9990351579680887
2868,0.0017727292117444462
2869,0.0539703658209597
2870,0.9999846227350166
2871,0.00012866654260499424
2872,0.9999994063893534
2873,0.9899671073855786
2874,3.6683752189832168e-06
2875,0.0007885536426599192
2876,0.9993238930702137
2877,0.0020165772004152194
2878,0.9999550201397425
2879,0.999674157479792
2880,0.9998572347757816
2881,0.00010806527974744334
2882,0.9998851633766437
2883,0.9998762246093956
2884,1.3645184423232435e-05
2885,1.9134702840208986e-06
2886,0.9969111769115022
2887,0.0005642466551630474
2888,0.0036076561659251793
2889,0.9995605744531971
2890,0.9999261562565436
2891,0.9932881493350967
2892,0.9959803587071158
2893,0.9990567200409479
2894,0.0004978976782778713
2895,0.9987415666418957
2896,0.9999149854375191
2897,0.9994030165044512
2898,0.0002892745021110994
2899,0.9720856573852961
2900,0.06069339313781122
2901,0.9991289110661208
2902,0.9994587804872938
2903,0.9997177683111326
2904,0.43116584089968096
2905,0.9999066333977371
2906,0.9993489051629144
2907,0.005914208381442382
2908,2.67176867406728e-07
2909,0.6630657075067512
2910,0.9807491594123292
2911,0.00013109192233050143
2912,0.995064469432295
2913,9.7729643034416e-07
2914,0.9468823229372935
2915,0.9987032618004273
2916,0.9991586530662968
2917,0.9986423889547925
2918,0.9996482899141756
2919,0.9989380824979498
2920,0.000738233238265088
2921,0.998761063683532
2922,0.999838186177058
2923,0.9997984463487251
2924,0.000627882310077899
2925,0.9934099429884955
2926,0.9990406163006721
2927,6.930753595985726e-05
2928,1.8886672146867996e-08
2929,1.3760134310379796e-05
2930,0.9573203068919063
2931,0.9982550148969235
2932,0.9447516951650341
2933,0.00015589230887365336
2934,0.9986229838361473
2935,0.9985201282360162
2936,0.9999098900053978
2937,0.0020774723717850176
2938,0.0008843696613855443
2939,0.9989918708253269
2940,9.370990512868211e-05
2941,0.0018657321989924663
2942,0.9970052812071274
2943,5.257920290913906e-05
2944,0.0006411958253875769
2945,0.9915047774395852
2946,0.9999530624301884
2947,0.0027250923792372346
2948,3.996291652141641e-06
2949,0.9960216764624059
2950,0.034219557447702095
2951,0.6684522329958911
2952,0.003466126827662601
2953,0.9987135563289476
2954,0.04549988948835225
2955,0.9987909899110554
2956,1.2937205025090982e-07
2957,0.02582569219349132
2958,0.9998998281425422
2959,0.003380222770624167
2960,0.9594182116288327
2961,0.0005668563977967648
2962,0.9997290809393357
2963,0.9998942229417579
2964,0.00048515279174864243
2965,0.9965393120920779
2966,3.3638445744514696e-05
2967,0.9956786316057712
2968,0.9998497609420816
2969,5.443383357180174e-07
2970,0.9998968142595411
2971,0.9998771431192922
2972,0.0006239931610902604
2973,0.9943155039948657
2974,0.0007722557028383072
2975,0.9999417739595642
2976,0.9829219017924489
2977,0.9973033936142645
2978,0.0021557925700182437
2979,0.996978450544868
2980,3.465290550297978e-05
2981,8.900883246724735e-07
2982,0.0005099767737203234
2983,0.9973780871413326
2984,0.9999662802615354
2985,0.0018923490981340577
2986,0.0002942433730419833
2987,0.000902776932274547
2988,0.9980367484682613
2989,1.6484128407717283e-05
2990,2.0598714181748305e-05
2991,0.9996305031486424
2992,0.9955741945657433
2993,0.0024392263867048496
2994,0.9996041127988433
2995,0.9999882653623119
2996,0.0006471510791525469
2997,0.9728321402988341
2998,0.9532719866440327
2999,0.9943603526543279
3000,0.6226350903246788
3001,0.0005691802393239559
3002,0.9999378599304299
3003,0.9952941298179365
3004,0.984349843732551
3005,0.9999536494938401
3006,0.9997159164579447
3007,0.9999973106411639
3008,1.5313218185757823e-06
3009,0.030476071066281658
3010,0.00019053299435180064
3011,2.731294553627104e-05
3012,0.9990745956711016
3013,2.4157371854990853e-08
3014,0.9977742533051264
3015,0.9996109023081615
3016,0.00814753318689025
3017,0.999563309656457
3018,0.9977245735079555
3019,0.9942048054733815
3020,0.0003622737186575132
3021,0.9998119412339388
3022,0.9999965914133213
3023,0.9985671084135977
3024,0.0025404260355026227
3025,0.9899833602170726
3026,0.9943688754445674
3027,0.0074707967622053345
3028,0.0013215300303863241
3029,0.002752924730675704
3030,0.9991238614264738
3031,0.9998422127196055
3032,0.0032580773687738785
3033,0.0014422347148153344
3034,0.00013112218642661463
3035,0.9994570455913329
3036,3.9728830270821106e-05
3037,0.022101845352776327
3038,0.9832668216190559
3039,0.9985419292835227
3040,0.989815070136841
3041,0.999570533763533
3042,0.0001948649783298316
3043,0.9065322494311513
3044,0.0015616886550268135
3045,0.000646575321352529
3046,0.9999778291588312
3047,0.9972902388261526
3048,0.002893868678544656
3049,0.9997731697639937
3050,0.9996966833955255
3051,0.9159044346369106
3052,0.5864359667299075
3053,0.996521478777777
3054,0.004635956415285322
3055,0.001230875263150361
3056,0.9931268586523724
3057,0.0003827358655787588
3058,0.00517584513408743
3059,0.07382330950223032
3060,0.9945053348256321
3061,0.0008683855812335099
3062,0.9872770559627833
3063,0.00032304099453256467
3064,1.8584335970688365e-06
3065,0.9981126939452322
3066,3.9722532139702174e-06
3067,0.9999317660009173
3068,1.1549340611125312e-06
3069,0.9999616478179967
3070,0.9891506448211947
3071,0.9978313236829348
3072,0.0006087551253831058
3073,0.0001278562375698034
3074,0.9999819875658227
3075,0.9942506580857006
3076,0.9982469604886883
3077,0.24196679855852102
3078,1.5664313683143047e-06
3079,0.9999640772835008
3080,0.9331584822402481
3081,0.9981932854078915
3082,0.00024218946259672313
3083,1.7095283756663164e-06
3084,0.0025773580524126745
3085,0.00046334050878932303
3086,0.9999322164829434
3087,0.0006872268638567989
3088,0.0021703773369106355
3089,9.237858761275772e-07
3090,0.001126396816833849
3091,0.9999962233002246
3092,0.9910736455065968
3093,7.382990258002946e-07
3094,0.9694147802526419
3095,0.0018188530849690607
3096,0.9711882732925636
3097,9.605026945105894e-05
3098,0.9938460103550822
3099,0.9987758696493065
3100,0.9998043809577997
3101,0.042151344011616465
3102,0.9995981263487748
3103,0.0014045978676535658
3104,0.9992155623546097
3105,0.0010301006678480793
3106,0.002454236530113544
3107,0.35101490482969694
3108,0.15067859358583854
3109,0.017578886023363223
3110,0.0008480826439808157
3111,0.9995689836275604
3112,0.9981292392572245
3113,0.9939922845217147
3114,0.9874171472155413
3115,0.00014021490637682838
3116,0.0010477341576251263
3117,0.9991895688647069
3118,0.9868123775263291
3119,0.003970331888170302
3120,0.9996036808657228
3121,0.0005393633255815163
3122,0.01427465238441274
3123,0.0006133810153210836
3124,0.9999188618494149
3125,0.9677525066626997
3126,1.7994479177595285e-06
3127,0.9997905682565372
3128,0.9998133785013295
3129,1.7739689214844725e-05
3130,0.9863077515764446
3131,0.9964251748897791
3132,0.11786021265148
3133,0.010017440446120934
3134,0.9941510222404031
3135,0.7335684833233135
3136,0.997065920433528
3137,0.9999165386496942
3138,0.012798153982609346
3139,0.10084929143487667
3140,0.9964847664713756
3141,5.209162746205413e-06
3142,0.9964749219355953
3143,0.9998871988006822
3144,0.002987370767424758
3145,0.9999005500175044
3146,0.9994785629784465
3147,0.9996779027234067
3148,0.999189492644778
3149,0.9970813191002084
3150,0.0008450053799934663
3151,0.999820414637031
3152,9.286346814330092e-05
3153,5.971669492323695e-06
3154,0.9941945092784326
3155,0.023327051835146672
3156,0.8880032242513601
3157,0.9985792991612393
3158,0.004090220010699688
3159,7.408049479071514e-05
3160,0.0033908445244443253
3161,3.242266010533356e-05
3162,0.012861851461273124
3163,0.9994953243354104
3164,4.540542185817489e-05
3165,0.9987799053946548
3166,0.426723252175214
3167,3.177861280299501e-05
3168,0.04888536098647289
3169,0.14119538793338038
3170,0.9989118732166492
3171,0.9995942836049594
3172,0.9999540822678468
3173,0.9995450399091014
3174,0.9996315080386791
3175,2.498319638145478e-05
3176,0.9965922029101916
3177,0.9997143789203549
3178,0.0003512648309569306
3179,0.9951692806753479
3180,0.9957462987532304
3181,0.018568129469563023
3182,0.00019338480412388844
3183,0.9974296583873706
3184,0.001197725027352005
3185,0.9653679638162268
3186,0.0032960117549372023
3187,0.002912945201267136
3188,3.4646381738296803e-06
